cliente_id,entidad,mora_1m,mora_2m,mora_3m,mora_4m,mora_5m,mora_6m,ingreso_mensual,saldo_credito,antiguedad_meses,num_productos,churn
SYN-0001,Banco Demo A,11,15,14,12,11,18,3903412,25832882,31,1,1
SYN-0002,Banco Demo B,14,17,11,13,11,11,10594843,23954865,147,5,1
SYN-0003,Banco Demo C,14,11,18,12,11,12,8364417,17398299,108,3,1
SYN-0004,Banco Demo A,0,5,2,1,3,3,3179726,28620932,146,1,0
SYN-0005,Banco Demo B,12,7,17,4,10,16,2351402,5035549,62,3,0
SYN-0006,Banco Demo C,11,10,12,13,14,7,7498211,26427128,54,4,0
SYN-0007,Banco Demo A,9,9,9,12,5,8,1617367,4051572,31,1,0
SYN-0008,Banco Demo B,0,4,1,0,0,2,4000957,27633204,89,4,0
SYN-0009,Banco Demo C,5,2,2,9,1,3,8455902,21256315,63,2,0
SYN-0010,Banco Demo A,16,12,20,10,15,17,7361887,25348660,29,3,1
SYN-0011,Banco Demo B,7,11,7,5,6,12,9728823,22090817,141,4,0
SYN-0012,Banco Demo C,14,15,16,9,16,10,2667587,34127942,51,2,1
SYN-0013,Banco Demo A,11,14,13,16,11,17,11610730,20629274,96,4,0
SYN-0014,Banco Demo B,16,9,13,12,13,9,9106964,16406476,172,1,0
SYN-0015,Banco Demo C,12,12,8,18,12,13,3541033,32625896,146,4,1
SYN-0016,Banco Demo A,17,13,13,19,11,17,8247730,18862398,95,4,1
SYN-0017,Banco Demo B,9,11,11,12,16,12,8837466,29450,158,4,0
SYN-0018,Banco Demo C,0,5,0,4,1,3,1903900,11797428,118,3,0
SYN-0019,Banco Demo A,9,9,10,7,1,2,9912530,26579628,13,3,1
SYN-0020,Banco Demo B,15,13,16,25,17,16,8222775,1015413,137,5,0
SYN-0021,Banco Demo C,18,15,21,24,18,16,4558350,27469326,172,4,0
SYN-0022,Banco Demo A,5,4,5,1,3,4,5146834,9563225,114,3,0
SYN-0023,Banco Demo B,8,0,6,4,0,5,9536330,7929252,29,1,0
SYN-0024,Banco Demo C,0,2,4,0,0,0,9007930,8590709,156,4,0
SYN-0025,Banco Demo A,8,4,10,9,8,10,2342920,14774562,175,3,0
SYN-0026,Banco Demo B,10,10,8,8,7,12,11614006,3813119,3,3,0
SYN-0027,Banco Demo C,11,13,16,17,13,19,4186705,2702349,53,2,1
SYN-0028,Banco Demo A,10,3,5,5,0,4,6028720,18886026,157,2,1
SYN-0029,Banco Demo B,4,0,3,6,2,0,3923962,16143651,112,4,0
SYN-0030,Banco Demo C,17,13,14,18,15,13,7680603,29674859,6,5,1
SYN-0031,Banco Demo A,7,12,11,8,5,8,2032974,19970368,62,1,0
SYN-0032,Banco Demo B,13,10,6,4,4,12,11507664,9602267,19,4,0
SYN-0033,Banco Demo C,16,21,15,17,17,16,10536694,5235033,32,5,0
SYN-0034,Banco Demo A,8,11,10,12,12,16,10681086,13567375,92,1,0
SYN-0035,Banco Demo B,18,15,10,15,12,8,2355251,11812890,74,3,0
SYN-0036,Banco Demo C,10,6,8,10,2,11,3128348,14051941,163,1,0
SYN-0037,Banco Demo A,12,9,13,11,10,8,6657524,1880801,156,2,0
SYN-0038,Banco Demo B,1,6,5,5,5,0,3015835,2994611,168,3,0
SYN-0039,Banco Demo C,11,1,5,4,0,3,5064040,14878875,38,3,0
SYN-0040,Banco Demo A,8,7,5,5,5,10,11180800,9035428,174,5,0
SYN-0041,Banco Demo B,10,10,13,4,13,10,2116423,11716167,89,5,0
SYN-0042,Banco Demo C,13,9,8,11,7,6,8991255,3768968,125,5,0
SYN-0043,Banco Demo A,0,1,4,2,3,6,4899258,19125860,46,5,0
SYN-0044,Banco Demo B,11,13,9,13,9,15,9724079,14890447,120,3,1
SYN-0045,Banco Demo C,1,0,4,7,1,0,10688021,32865885,10,2,0
SYN-0046,Banco Demo A,16,18,10,8,10,10,3824625,19602222,93,2,0
SYN-0047,Banco Demo B,11,11,9,12,9,11,6577279,27851952,173,3,0
SYN-0048,Banco Demo C,8,7,5,11,8,14,10773144,17988257,20,3,0
SYN-0049,Banco Demo A,8,6,6,1,6,7,10691735,31120813,127,4,0
SYN-0050,Banco Demo B,4,7,0,0,0,9,11459094,32168823,19,1,0
SYN-0051,Banco Demo C,16,10,16,21,17,16,1582312,8458916,13,1,1
SYN-0052,Banco Demo A,7,5,6,4,8,5,9723049,13987760,132,5,0
SYN-0053,Banco Demo B,5,12,10,9,12,17,5366505,3245560,94,3,0
SYN-0054,Banco Demo C,18,21,20,15,15,18,8809226,4849331,40,2,1
SYN-0055,Banco Demo A,11,18,14,19,18,20,7564639,21500145,151,1,0
SYN-0056,Banco Demo B,12,11,6,10,13,17,7437209,12887254,28,4,0
SYN-0057,Banco Demo C,17,16,18,20,18,16,11205785,13918369,34,3,1
SYN-0058,Banco Demo A,9,12,9,6,7,11,7723807,13709019,73,1,0
SYN-0059,Banco Demo B,0,5,1,0,9,5,6551309,4195902,143,4,0
SYN-0060,Banco Demo C,12,17,14,11,11,12,8768712,21405545,127,4,0
SYN-0061,Banco Demo A,12,11,7,14,10,9,2445893,11470337,33,1,0
SYN-0062,Banco Demo B,8,13,17,11,16,7,7852875,27905807,135,3,1
SYN-0063,Banco Demo C,9,7,2,4,0,8,3401568,32479275,73,1,0
SYN-0064,Banco Demo A,20,14,12,20,18,21,11619819,29692574,5,5,0
SYN-0065,Banco Demo B,7,5,7,9,4,7,5908078,16519475,157,2,0
SYN-0066,Banco Demo C,5,12,9,9,8,11,8499520,12857834,54,1,0
SYN-0067,Banco Demo A,8,2,8,11,2,6,11515755,618126,95,2,0
SYN-0068,Banco Demo B,10,13,11,9,15,16,11858203,8277395,12,1,1
SYN-0069,Banco Demo C,16,18,23,16,17,15,3451660,7294560,9,5,1
SYN-0070,Banco Demo A,4,6,8,13,3,7,9724665,26648711,112,3,0
SYN-0071,Banco Demo B,9,9,10,6,13,13,3336984,5732470,141,1,0
SYN-0072,Banco Demo C,7,8,7,4,6,5,4951748,34382671,69,2,0
SYN-0073,Banco Demo A,11,9,4,6,5,8,5468405,28175411,46,3,0
SYN-0074,Banco Demo B,23,18,19,13,13,19,5309183,28167230,104,1,1
SYN-0075,Banco Demo C,4,3,8,3,4,8,9941900,11041936,45,5,0
SYN-0076,Banco Demo A,8,6,3,9,8,3,5362972,6530185,89,2,0
SYN-0077,Banco Demo B,22,18,16,22,14,20,11834398,2450320,160,4,0
SYN-0078,Banco Demo C,10,14,12,14,12,8,3785894,16035056,79,3,1
SYN-0079,Banco Demo A,20,19,19,13,14,10,4910979,19018319,175,5,0
SYN-0080,Banco Demo B,3,7,7,5,1,1,5019174,34366279,148,1,1
SYN-0081,Banco Demo C,12,9,10,12,11,14,2123664,6437238,86,2,0
SYN-0082,Banco Demo A,12,6,7,10,5,6,4049433,25179724,22,2,1
SYN-0083,Banco Demo B,6,12,5,11,13,14,2978892,34494331,117,5,1
SYN-0084,Banco Demo C,1,0,2,0,7,4,8067098,22993118,89,5,0
SYN-0085,Banco Demo A,1,4,0,1,1,4,7927574,11439084,41,4,0
SYN-0086,Banco Demo B,15,15,21,12,17,11,4635003,25273557,31,5,1
SYN-0087,Banco Demo C,5,3,5,11,4,0,10546437,3563333,108,3,0
SYN-0088,Banco Demo A,15,11,9,10,14,16,10168549,5902286,43,1,1
SYN-0089,Banco Demo B,6,12,5,8,7,10,10871771,33014986,44,4,0
SYN-0090,Banco Demo C,13,9,12,16,10,9,7658954,234127,83,5,1
SYN-0091,Banco Demo A,10,5,3,5,4,6,3402680,21143470,141,4,0
SYN-0092,Banco Demo B,17,15,17,13,6,15,4781851,18252931,70,4,1
SYN-0093,Banco Demo C,2,0,1,0,3,4,1589436,6424087,149,1,0
SYN-0094,Banco Demo A,16,14,13,15,10,16,6455239,26892568,5,3,1
SYN-0095,Banco Demo B,10,10,15,10,7,11,7676571,23044789,178,4,0
SYN-0096,Banco Demo C,12,10,13,13,7,11,5562118,30740391,164,5,1
SYN-0097,Banco Demo A,13,6,2,7,7,10,6098197,6239840,58,5,0
SYN-0098,Banco Demo B,8,4,10,5,3,9,6034242,15434585,93,2,0
SYN-0099,Banco Demo C,4,8,0,3,6,3,10689439,29291968,165,1,0
SYN-0100,Banco Demo A,16,10,11,14,14,16,6424551,408595,81,4,0
SYN-0101,Banco Demo B,17,18,18,13,12,15,1879329,2218580,29,5,0
SYN-0102,Banco Demo C,10,13,11,14,10,12,2087808,32412426,70,1,1
SYN-0103,Banco Demo A,2,4,4,0,1,0,7117634,18792415,102,2,0
SYN-0104,Banco Demo B,9,13,19,12,12,11,8869348,18820039,58,4,1
SYN-0105,Banco Demo C,7,4,5,9,10,8,1509501,12162666,12,3,1
SYN-0106,Banco Demo A,9,5,5,5,10,14,11990766,32468077,170,5,1
SYN-0107,Banco Demo B,1,4,8,5,10,8,11626174,6383997,99,1,0
SYN-0108,Banco Demo C,1,0,0,3,0,3,4158206,10921431,36,2,0
SYN-0109,Banco Demo A,11,12,10,10,5,6,10305475,29837578,112,5,0
SYN-0110,Banco Demo B,12,11,12,11,10,15,10755716,3858563,14,4,1
SYN-0111,Banco Demo C,10,10,9,16,12,10,11487413,3259096,170,4,0
SYN-0112,Banco Demo A,15,14,19,19,17,18,6120182,31892164,116,1,1
SYN-0113,Banco Demo B,13,12,19,16,17,17,2766580,17228962,116,5,1
SYN-0114,Banco Demo C,18,7,13,14,12,8,2665900,15103449,63,2,1
SYN-0115,Banco Demo A,9,4,8,0,2,1,7160222,9791012,154,4,0
SYN-0116,Banco Demo B,3,3,0,0,3,4,7614918,12397099,56,4,0
SYN-0117,Banco Demo C,5,1,3,0,3,6,2222179,32829852,102,1,0
SYN-0118,Banco Demo A,0,1,0,0,0,5,5577393,6842913,95,5,0
SYN-0119,Banco Demo B,15,6,12,13,10,13,7645460,2879390,82,2,0
SYN-0120,Banco Demo C,6,6,5,4,7,7,11868686,34864056,178,2,0
SYN-0121,Banco Demo A,15,12,20,12,20,14,6116265,22559267,178,3,1
SYN-0122,Banco Demo B,0,4,0,6,3,0,2364717,3186039,77,2,0
SYN-0123,Banco Demo C,3,0,1,5,6,1,8659277,20617065,117,5,0
SYN-0124,Banco Demo A,0,1,5,0,1,0,8416947,12404532,150,3,0
SYN-0125,Banco Demo B,8,9,11,4,7,12,1516840,22253311,130,5,0
SYN-0126,Banco Demo C,1,3,5,3,1,5,9461559,23469574,179,3,0
SYN-0127,Banco Demo A,14,11,14,15,12,11,10443299,31678216,37,1,1
SYN-0128,Banco Demo B,5,12,3,11,6,8,6171311,32187200,21,2,1
SYN-0129,Banco Demo C,8,8,14,15,11,16,4067194,14393382,6,1,1
SYN-0130,Banco Demo A,16,20,25,19,25,23,10772799,3505250,140,4,0
SYN-0131,Banco Demo B,9,10,12,11,12,12,5618245,21452359,5,4,0
SYN-0132,Banco Demo C,17,9,12,10,15,16,8743401,934464,160,5,0
SYN-0133,Banco Demo A,0,7,4,4,4,0,9379496,33033206,162,2,0
SYN-0134,Banco Demo B,10,6,10,8,8,7,1573418,18607943,4,4,1
SYN-0135,Banco Demo C,18,12,14,18,10,11,10196440,17454851,50,3,1
SYN-0136,Banco Demo A,6,4,8,10,5,8,6670008,8922398,92,1,0
SYN-0137,Banco Demo B,7,7,7,11,10,12,11045948,14771266,52,4,0
SYN-0138,Banco Demo C,16,19,14,17,20,16,6929912,6552989,6,3,1
SYN-0139,Banco Demo A,11,17,14,13,10,14,10427724,31147283,40,3,1
SYN-0140,Banco Demo B,8,3,7,1,7,3,10837662,9634972,159,4,0
SYN-0141,Banco Demo C,14,11,11,16,12,13,5024989,28065772,42,1,1
SYN-0142,Banco Demo A,11,7,2,11,6,1,10853806,42459,11,1,1
SYN-0143,Banco Demo B,4,6,4,3,8,8,5640293,10407022,84,1,0
SYN-0144,Banco Demo C,4,1,2,0,0,8,8985013,25295043,169,4,0
SYN-0145,Banco Demo A,0,0,2,0,4,0,1919687,25406188,71,5,0
SYN-0146,Banco Demo B,18,17,17,19,18,14,9511244,17111346,151,5,0
SYN-0147,Banco Demo C,2,5,1,0,3,0,5050386,4058889,118,4,0
SYN-0148,Banco Demo A,15,11,17,18,13,17,9244919,31621879,47,3,1
SYN-0149,Banco Demo B,10,5,5,4,2,0,10850848,45052,144,2,0
SYN-0150,Banco Demo C,21,14,17,17,11,14,3892459,24152385,73,4,1
SYN-0151,Banco Demo A,17,12,13,17,16,16,7640403,33771507,111,4,1
SYN-0152,Banco Demo B,6,5,10,14,3,12,7782844,32099128,91,5,0
SYN-0153,Banco Demo C,15,12,12,17,11,15,10826076,27078395,178,5,0
SYN-0154,Banco Demo A,4,4,5,6,5,5,5178166,20336238,70,1,0
SYN-0155,Banco Demo B,9,4,6,12,10,5,7310271,31815250,125,4,0
SYN-0156,Banco Demo C,8,7,3,5,2,7,7905058,17786202,171,5,0
SYN-0157,Banco Demo A,4,9,5,10,12,8,5884626,33794487,175,4,0
SYN-0158,Banco Demo B,10,7,4,6,9,12,11604547,20682360,178,4,0
SYN-0159,Banco Demo C,18,13,18,15,18,16,6860931,8016805,97,2,1
SYN-0160,Banco Demo A,15,15,12,15,14,15,11057524,28994082,5,4,1
SYN-0161,Banco Demo B,1,2,2,0,3,3,11955940,7878970,145,1,0
SYN-0162,Banco Demo C,4,4,5,8,8,6,11735890,12023996,134,4,0
SYN-0163,Banco Demo A,6,8,13,8,5,9,3687187,26387456,176,1,0
SYN-0164,Banco Demo B,11,13,2,13,11,10,2809845,19782341,148,5,0
SYN-0165,Banco Demo C,1,1,0,1,1,4,2361592,32771739,26,5,0
SYN-0166,Banco Demo A,19,15,16,20,12,14,5325732,519890,9,5,0
SYN-0167,Banco Demo B,10,11,8,9,7,14,3769342,22296964,55,3,0
SYN-0168,Banco Demo C,8,5,3,5,8,9,5124553,1472613,178,5,0
SYN-0169,Banco Demo A,12,17,9,11,12,11,2578234,18624375,21,1,1
SYN-0170,Banco Demo B,8,9,0,5,5,13,7661699,25460957,71,5,0
SYN-0171,Banco Demo C,16,12,14,17,19,19,11547266,2728948,37,2,0
SYN-0172,Banco Demo A,7,12,8,4,12,10,8628243,26097932,10,4,0
SYN-0173,Banco Demo B,1,5,1,4,4,2,3422937,20015237,95,2,0
SYN-0174,Banco Demo C,7,8,4,2,3,7,8990419,3763679,150,1,0
SYN-0175,Banco Demo A,0,0,1,1,4,5,7810795,28015762,89,3,0
SYN-0176,Banco Demo B,0,2,1,2,0,2,5169409,19924692,130,3,0
SYN-0177,Banco Demo C,18,20,12,13,16,16,2295698,28074771,119,2,1
SYN-0178,Banco Demo A,1,0,0,0,2,2,9199413,21894418,103,4,0
SYN-0179,Banco Demo B,17,18,20,17,16,20,2504307,22618328,58,1,1
SYN-0180,Banco Demo C,12,6,6,5,9,9,4802926,27101000,115,3,0
SYN-0181,Banco Demo A,13,14,8,14,14,12,2046799,17221496,89,4,1
SYN-0182,Banco Demo B,5,8,13,7,7,5,10029220,13422847,135,5,0
SYN-0183,Banco Demo C,6,4,6,6,5,7,4271748,16624260,87,5,0
SYN-0184,Banco Demo A,15,21,17,20,10,17,2313400,26315855,173,2,0
SYN-0185,Banco Demo B,6,3,2,2,2,4,4265970,14052846,50,3,0
SYN-0186,Banco Demo C,0,1,1,0,0,3,3601250,16347860,22,1,0
SYN-0187,Banco Demo A,15,15,16,14,14,14,11308347,32745653,163,4,1
SYN-0188,Banco Demo B,16,15,14,14,14,12,5263977,15809910,128,1,1
SYN-0189,Banco Demo C,16,19,16,16,18,20,1626733,15629237,75,2,1
SYN-0190,Banco Demo A,9,11,3,10,9,9,3516083,31539267,17,4,0
SYN-0191,Banco Demo B,12,14,8,10,7,7,4819046,3333115,108,5,1
SYN-0192,Banco Demo C,10,14,17,15,18,14,9023002,28338631,162,2,0
SYN-0193,Banco Demo A,8,8,10,11,9,8,8580657,1882172,140,2,0
SYN-0194,Banco Demo B,5,0,1,6,0,6,2958959,387454,26,2,0
SYN-0195,Banco Demo C,11,15,20,13,11,13,10734062,17348588,47,4,1
SYN-0196,Banco Demo A,15,15,12,12,9,19,6029965,16640484,7,1,0
SYN-0197,Banco Demo B,18,9,18,17,15,14,4227701,16275810,103,3,1
SYN-0198,Banco Demo C,0,0,3,1,2,5,3973857,14921292,145,4,0
SYN-0199,Banco Demo A,23,16,14,16,22,16,4503728,2712563,29,3,1
SYN-0200,Banco Demo B,16,12,16,11,11,9,5089747,26906544,165,3,1
SYN-0201,Banco Demo C,6,0,7,10,7,6,3971875,21728010,36,4,1
SYN-0202,Banco Demo A,12,10,11,13,10,17,10736639,3232197,53,5,0
SYN-0203,Banco Demo B,0,1,8,0,5,6,10484127,4637806,74,5,0
SYN-0204,Banco Demo C,12,11,7,0,3,12,4696148,12660692,29,1,0
SYN-0205,Banco Demo A,2,3,0,7,1,2,11280427,4042587,20,5,0
SYN-0206,Banco Demo B,3,3,0,9,11,11,2391898,5497367,68,4,0
SYN-0207,Banco Demo C,11,5,7,15,9,6,5463989,20532202,101,5,0
SYN-0208,Banco Demo A,2,8,2,0,3,0,3122783,19888638,5,1,0
SYN-0209,Banco Demo B,6,1,4,0,4,3,5930129,23197995,101,3,0
SYN-0210,Banco Demo C,15,18,17,18,19,18,7222403,17166655,105,2,1
SYN-0211,Banco Demo A,12,25,19,16,18,13,9386698,10901191,6,5,1
SYN-0212,Banco Demo B,11,7,7,2,6,4,9120130,5736523,9,3,0
SYN-0213,Banco Demo C,1,2,0,2,5,6,7318992,29480304,126,1,0
SYN-0214,Banco Demo A,10,11,13,10,10,13,6693765,3533101,11,1,0
SYN-0215,Banco Demo B,18,15,18,13,17,18,5461506,19944822,113,1,1
SYN-0216,Banco Demo C,1,0,4,0,3,5,7592967,25233849,83,2,0
SYN-0217,Banco Demo A,5,2,8,4,7,9,4928009,16749994,66,4,0
SYN-0218,Banco Demo B,7,10,10,9,12,10,1872250,15948175,138,5,0
SYN-0219,Banco Demo C,0,3,8,3,7,1,10087544,23952624,130,3,0
SYN-0220,Banco Demo A,0,9,3,1,5,1,1669003,15004476,36,2,0
SYN-0221,Banco Demo B,9,10,8,14,2,10,8616844,29417102,38,5,1
SYN-0222,Banco Demo C,2,1,4,7,2,7,9736191,27055609,65,5,0
SYN-0223,Banco Demo A,17,11,14,11,9,14,4074074,30905400,103,3,0
SYN-0224,Banco Demo B,8,4,7,1,3,0,10893568,10856799,108,2,0
SYN-0225,Banco Demo C,12,9,11,11,12,11,11171836,22807849,155,3,1
SYN-0226,Banco Demo A,10,7,5,8,8,11,10737712,33136847,70,2,0
SYN-0227,Banco Demo B,0,0,0,0,5,2,9848611,32317837,53,5,0
SYN-0228,Banco Demo C,16,22,18,17,17,15,4367640,26827545,81,4,0
SYN-0229,Banco Demo A,4,5,13,4,7,11,3796274,4400868,91,5,0
SYN-0230,Banco Demo B,6,3,4,5,9,9,9346322,29239393,81,5,0
SYN-0231,Banco Demo C,3,6,0,8,0,11,2735687,759317,15,3,0
SYN-0232,Banco Demo A,4,7,9,4,6,4,8478980,21581750,96,1,0
SYN-0233,Banco Demo B,15,17,13,13,16,19,7898844,10271581,37,5,1
SYN-0234,Banco Demo C,17,14,18,8,15,17,3760570,9663900,165,5,0
SYN-0235,Banco Demo A,16,15,13,12,13,20,5649470,5003196,118,5,0
SYN-0236,Banco Demo B,13,15,19,17,18,18,6061140,24786941,44,3,1
SYN-0237,Banco Demo C,6,13,10,10,4,5,8889634,10921847,81,5,0
SYN-0238,Banco Demo A,9,11,3,7,8,3,6836457,11357120,116,3,0
SYN-0239,Banco Demo B,2,11,4,4,5,5,2922349,16639715,24,1,0
SYN-0240,Banco Demo C,11,12,4,8,16,7,9937121,18041593,18,4,0
SYN-0241,Banco Demo A,5,6,3,8,14,9,3279583,3169229,140,5,0
SYN-0242,Banco Demo B,4,0,0,2,3,7,10036342,24813964,13,3,0
SYN-0243,Banco Demo C,13,12,18,10,18,11,1732560,13046736,63,5,1
SYN-0244,Banco Demo A,5,0,5,3,0,3,7020717,27838034,155,3,0
SYN-0245,Banco Demo B,4,11,2,0,2,6,4549195,26740226,159,3,0
SYN-0246,Banco Demo C,6,9,14,12,9,8,3309808,28775426,53,5,0
SYN-0247,Banco Demo A,9,12,6,4,7,6,2635211,2365577,62,1,0
SYN-0248,Banco Demo B,6,6,5,8,10,4,5197361,31960987,126,3,0
SYN-0249,Banco Demo C,4,6,8,9,8,10,5840882,31039713,92,4,0
SYN-0250,Banco Demo A,6,2,4,3,4,7,4978812,8436449,83,4,0
SYN-0251,Banco Demo B,19,18,15,18,18,17,8989205,23745192,132,5,1
SYN-0252,Banco Demo C,4,5,6,8,8,12,2966608,4841467,40,4,0
SYN-0253,Banco Demo A,8,7,9,12,8,6,4001345,1055222,166,5,0
SYN-0254,Banco Demo B,7,14,13,7,12,15,8105416,6017153,163,2,0
SYN-0255,Banco Demo C,12,16,14,24,12,14,8748525,29454086,127,5,1
SYN-0256,Banco Demo A,9,8,7,7,6,7,3741507,10632895,67,5,1
SYN-0257,Banco Demo B,16,11,10,12,13,12,5562309,22034537,27,1,0
SYN-0258,Banco Demo C,23,20,20,10,14,17,4333001,34496773,149,4,1
SYN-0259,Banco Demo A,9,3,5,0,5,10,9872705,490373,116,4,0
SYN-0260,Banco Demo B,11,13,14,15,12,8,5374134,32906986,28,5,0
SYN-0261,Banco Demo C,1,0,0,0,0,1,8900079,22567462,151,1,0
SYN-0262,Banco Demo A,7,8,8,10,10,6,1801315,1922751,78,2,0
SYN-0263,Banco Demo B,14,7,6,9,9,5,5822301,7471872,79,5,0
SYN-0264,Banco Demo C,4,9,4,0,0,2,6704471,17171125,75,4,0
SYN-0265,Banco Demo A,5,0,0,0,1,5,4100842,34031071,124,2,0
SYN-0266,Banco Demo B,7,1,5,7,9,7,7368624,7849221,3,5,0
SYN-0267,Banco Demo C,6,8,2,0,3,5,8153623,23592023,40,1,0
SYN-0268,Banco Demo A,15,5,13,9,12,12,11927764,33341148,57,1,0
SYN-0269,Banco Demo B,10,2,2,9,6,1,6705654,9856048,154,2,0
SYN-0270,Banco Demo C,0,4,1,3,1,0,11232239,5253255,14,5,0
SYN-0271,Banco Demo A,11,12,16,12,18,16,8201950,30111081,53,4,1
SYN-0272,Banco Demo B,10,13,13,12,9,9,6788718,22087046,127,4,1
SYN-0273,Banco Demo C,14,17,19,15,9,16,6011959,2555405,121,1,0
SYN-0274,Banco Demo A,0,0,1,1,0,1,2498270,6724777,174,1,0
SYN-0275,Banco Demo B,17,14,15,15,19,21,11742417,4566201,50,1,1
SYN-0276,Banco Demo C,12,9,14,11,8,13,11252954,30608589,77,3,1
SYN-0277,Banco Demo A,12,20,12,15,18,15,6966757,12151255,52,4,1
SYN-0278,Banco Demo B,13,18,16,15,16,21,6778028,28229927,118,2,1
SYN-0279,Banco Demo C,12,14,10,11,11,8,5748858,26156376,162,3,0
SYN-0280,Banco Demo A,6,3,5,10,9,7,6262949,27203745,98,5,0
SYN-0281,Banco Demo B,15,21,16,17,9,15,10256892,12835830,91,3,0
SYN-0282,Banco Demo C,11,15,12,18,16,12,2197525,11892839,89,3,1
SYN-0283,Banco Demo A,10,12,15,12,16,18,6853940,26404347,53,3,0
SYN-0284,Banco Demo B,15,13,17,15,20,11,6789835,13545045,151,2,1
SYN-0285,Banco Demo C,14,7,14,15,13,18,9970167,4885409,152,5,0
SYN-0286,Banco Demo A,13,15,10,8,12,8,9289982,3445389,61,4,0
SYN-0287,Banco Demo B,10,0,0,7,4,1,6933991,10911926,48,2,0
SYN-0288,Banco Demo C,2,0,0,2,0,0,7456120,34594447,70,3,0
SYN-0289,Banco Demo A,4,3,2,0,0,0,10614049,9785061,93,3,0
SYN-0290,Banco Demo B,5,8,11,3,0,4,2673425,12806919,168,2,0
SYN-0291,Banco Demo C,4,3,8,7,5,5,6253340,17718040,62,4,0
SYN-0292,Banco Demo A,4,9,7,4,3,9,11632007,15955421,171,1,0
SYN-0293,Banco Demo B,12,16,19,11,14,11,3091002,13719786,143,1,1
SYN-0294,Banco Demo C,11,12,8,6,5,12,6771795,12520904,65,4,1
SYN-0295,Banco Demo A,17,18,15,14,16,18,3764320,16459818,170,5,1
SYN-0296,Banco Demo B,20,19,20,17,19,23,6851559,30757462,178,1,1
SYN-0297,Banco Demo C,8,3,2,9,3,9,6923133,27016561,49,4,0
SYN-0298,Banco Demo A,4,3,1,7,0,0,5746759,8014633,74,2,0
SYN-0299,Banco Demo B,14,7,7,8,7,5,4833046,6101074,160,3,1
SYN-0300,Banco Demo C,0,3,4,4,1,1,5130340,17951810,52,4,0
SYN-0301,Banco Demo A,5,4,3,1,4,5,3975496,15211250,27,1,0
SYN-0302,Banco Demo B,5,4,3,0,0,2,2962498,33171500,137,1,0
SYN-0303,Banco Demo C,9,2,11,9,7,13,1922979,10367843,46,4,0
SYN-0304,Banco Demo A,13,7,2,7,8,3,8160860,20473573,45,5,1
SYN-0305,Banco Demo B,5,10,9,8,11,6,5205865,30364470,3,2,0
SYN-0306,Banco Demo C,8,8,9,10,9,9,9736356,15591072,82,1,1
SYN-0307,Banco Demo A,17,11,18,8,18,17,5161308,524078,40,2,0
SYN-0308,Banco Demo B,15,9,16,19,17,15,7417108,298840,127,3,1
SYN-0309,Banco Demo C,9,11,6,3,5,11,10511028,18279463,70,4,1
SYN-0310,Banco Demo A,9,12,9,10,14,11,2723760,29704932,102,3,1
SYN-0311,Banco Demo B,10,13,19,13,16,11,11666797,18939560,64,5,0
SYN-0312,Banco Demo C,9,13,3,1,4,11,7084827,20883342,69,3,0
SYN-0313,Banco Demo A,15,13,17,18,16,15,3451239,13456997,42,3,1
SYN-0314,Banco Demo B,7,10,7,6,9,10,7411300,19746911,163,5,0
SYN-0315,Banco Demo C,21,16,13,16,17,16,9141678,21862512,122,5,1
SYN-0316,Banco Demo A,0,0,0,0,4,5,10990336,10745101,70,4,0
SYN-0317,Banco Demo B,0,4,3,3,1,4,5155509,11753185,108,2,0
SYN-0318,Banco Demo C,12,16,13,16,15,16,5439020,26744862,178,4,0
SYN-0319,Banco Demo A,14,17,17,11,22,15,5191275,12582979,51,2,0
SYN-0320,Banco Demo B,0,0,8,1,2,0,2543719,18276495,142,3,1
SYN-0321,Banco Demo C,12,9,12,9,10,10,3720308,8687040,9,2,1
SYN-0322,Banco Demo A,6,8,11,10,10,9,2671383,5286102,130,2,0
SYN-0323,Banco Demo B,13,18,13,12,11,18,5823897,25678184,144,2,1
SYN-0324,Banco Demo C,7,12,9,12,7,9,2647134,19131760,24,5,0
SYN-0325,Banco Demo A,3,0,2,4,0,0,10181244,9804878,138,2,0
SYN-0326,Banco Demo B,17,14,16,17,11,14,3900524,27043558,98,1,1
SYN-0327,Banco Demo C,14,15,14,17,18,18,4804047,18768815,49,2,1
SYN-0328,Banco Demo A,9,18,14,4,9,8,4995329,21506027,127,4,0
SYN-0329,Banco Demo B,10,9,10,8,11,10,5377613,21448916,84,1,0
SYN-0330,Banco Demo C,18,22,17,16,20,19,9213635,30058040,132,4,0
SYN-0331,Banco Demo A,17,15,17,18,13,7,7392069,25931392,31,2,0
SYN-0332,Banco Demo B,6,8,13,3,4,5,5770933,12972805,73,3,0
SYN-0333,Banco Demo C,17,14,14,13,7,14,4402331,797934,158,2,1
SYN-0334,Banco Demo A,4,10,2,4,9,3,6695167,26369680,9,4,0
SYN-0335,Banco Demo B,14,13,22,18,16,14,3643804,14528396,111,4,0
SYN-0336,Banco Demo C,4,4,4,6,2,1,10536783,31861939,131,5,0
SYN-0337,Banco Demo A,11,17,10,10,11,9,11208575,12880026,163,5,1
SYN-0338,Banco Demo B,5,7,3,3,17,10,7833568,34081227,56,2,0
SYN-0339,Banco Demo C,6,9,8,15,9,12,8821010,18517985,85,1,0
SYN-0340,Banco Demo A,8,3,4,9,4,2,2084811,29847078,12,5,0
SYN-0341,Banco Demo B,7,5,6,10,9,8,4636635,24189295,126,1,0
SYN-0342,Banco Demo C,15,11,19,15,21,16,8767901,6843875,21,3,1
SYN-0343,Banco Demo A,17,15,17,13,22,16,9619211,34218737,159,1,0
SYN-0344,Banco Demo B,15,14,14,16,12,17,4920507,9053775,49,3,1
SYN-0345,Banco Demo C,16,18,13,7,11,9,1591950,30228775,131,2,1
SYN-0346,Banco Demo A,17,18,15,18,11,15,7640114,10841820,50,1,1
SYN-0347,Banco Demo B,13,20,16,12,14,16,11111242,11978517,69,5,0
SYN-0348,Banco Demo C,0,6,0,3,2,0,4186294,250547,121,5,0
SYN-0349,Banco Demo A,10,2,4,1,1,3,1599125,23938419,12,3,0
SYN-0350,Banco Demo B,7,5,8,5,5,7,5890512,34645758,174,4,0
SYN-0351,Banco Demo C,13,10,5,6,11,10,7300885,5802207,41,3,0
SYN-0352,Banco Demo A,18,15,21,19,12,18,6613705,29715919,105,3,1
SYN-0353,Banco Demo B,16,25,24,18,22,14,4913615,2155171,78,4,1
SYN-0354,Banco Demo C,9,10,12,13,7,4,8081346,12183317,63,1,0
SYN-0355,Banco Demo A,5,5,4,5,6,11,1868202,2968161,137,2,0
SYN-0356,Banco Demo B,3,3,0,4,0,3,2146683,20340976,118,4,0
SYN-0357,Banco Demo C,0,2,0,0,2,3,3265843,20550243,7,5,0
SYN-0358,Banco Demo A,5,6,3,0,5,4,7992347,3807861,63,4,0
SYN-0359,Banco Demo B,3,1,0,7,8,0,5300471,15605405,141,2,0
SYN-0360,Banco Demo C,0,3,3,5,4,0,10639355,18735474,110,5,0
SYN-0361,Banco Demo A,7,0,3,9,5,5,8023131,27954662,38,4,0
SYN-0362,Banco Demo B,10,17,11,14,14,11,4500296,8078248,89,4,1
SYN-0363,Banco Demo C,2,7,4,1,0,4,9148609,29269567,28,2,0
SYN-0364,Banco Demo A,0,0,1,0,0,0,5467813,9827145,77,5,0
SYN-0365,Banco Demo B,4,0,4,4,1,6,2134194,15730088,71,2,0
SYN-0366,Banco Demo C,11,10,3,4,6,9,3912641,15066368,35,3,0
SYN-0367,Banco Demo A,11,16,15,25,14,11,9081761,3597092,108,2,0
SYN-0368,Banco Demo B,2,5,1,8,1,1,5146381,905504,159,4,0
SYN-0369,Banco Demo C,5,9,9,12,11,9,8821918,34768117,175,4,0
SYN-0370,Banco Demo A,6,8,6,9,6,11,5515435,18612282,147,5,0
SYN-0371,Banco Demo B,5,5,0,2,7,7,11705439,14767032,87,1,0
SYN-0372,Banco Demo C,8,12,13,11,16,13,3913224,32432216,156,2,1
SYN-0373,Banco Demo A,3,10,8,5,7,2,10414169,15587328,95,5,0
SYN-0374,Banco Demo B,0,2,0,0,1,0,7111281,20527364,162,1,0
SYN-0375,Banco Demo C,16,16,14,20,10,9,8376068,1786446,106,3,1
SYN-0376,Banco Demo A,17,16,15,17,12,16,5102162,12941915,44,3,1
SYN-0377,Banco Demo B,19,14,9,15,13,12,10740458,3093730,127,5,0
SYN-0378,Banco Demo C,1,0,0,1,0,5,11084928,27223972,159,2,0
SYN-0379,Banco Demo A,9,3,7,8,11,10,7008909,1675322,132,5,0
SYN-0380,Banco Demo B,10,2,7,4,13,8,1824758,11426788,49,1,0
SYN-0381,Banco Demo C,19,17,22,11,13,20,10192312,26391817,174,3,0
SYN-0382,Banco Demo A,0,6,8,4,9,3,2642263,4234107,59,1,0
SYN-0383,Banco Demo B,13,13,12,16,8,12,1946255,16228846,12,5,0
SYN-0384,Banco Demo C,4,0,0,10,0,3,6081622,6895045,102,2,0
SYN-0385,Banco Demo A,0,0,0,2,0,0,8586317,32556879,25,1,0
SYN-0386,Banco Demo B,5,11,14,11,11,13,4212772,19535783,160,4,0
SYN-0387,Banco Demo C,6,9,8,7,11,16,5774029,21051026,105,4,0
SYN-0388,Banco Demo A,11,6,3,11,8,12,11773040,31356604,118,4,0
SYN-0389,Banco Demo B,9,15,4,12,13,12,2499786,7759129,80,4,0
SYN-0390,Banco Demo C,20,16,9,17,15,14,2465354,28764497,121,1,1
SYN-0391,Banco Demo A,15,15,16,11,6,13,5020250,6083870,88,5,1
SYN-0392,Banco Demo B,19,11,13,16,13,19,2697020,13145758,58,2,1
SYN-0393,Banco Demo C,13,11,13,17,15,9,5913233,17161375,156,1,0
SYN-0394,Banco Demo A,1,4,0,4,5,0,9073402,19451336,58,1,0
SYN-0395,Banco Demo B,14,16,15,13,15,13,11411384,2035479,94,4,0
SYN-0396,Banco Demo C,18,19,21,14,19,14,2964671,34000767,128,1,1
SYN-0397,Banco Demo A,18,18,16,16,15,15,8508386,8849444,57,2,0
SYN-0398,Banco Demo B,1,4,6,4,9,6,8545787,4497604,11,1,0
SYN-0399,Banco Demo C,18,16,23,16,17,18,2174674,29596733,75,5,1
SYN-0400,Banco Demo A,6,5,4,8,10,9,7274024,26059305,68,4,0
SYN-0401,Banco Demo B,0,0,0,2,0,3,10193685,1314224,166,3,0
SYN-0402,Banco Demo C,20,20,17,11,19,17,6744298,31801959,73,4,1
SYN-0403,Banco Demo A,0,4,5,6,2,7,9614974,16337762,63,5,0
SYN-0404,Banco Demo B,7,7,17,15,8,19,6810635,17934674,111,2,0
SYN-0405,Banco Demo C,12,11,16,12,6,14,2733311,7799736,154,4,0
SYN-0406,Banco Demo A,0,2,7,0,4,4,1793355,25419731,55,4,0
SYN-0407,Banco Demo B,16,16,16,15,16,11,3881775,12920108,170,5,0
SYN-0408,Banco Demo C,4,2,0,5,10,2,4487911,24527894,90,4,0
SYN-0409,Banco Demo A,11,13,10,11,7,10,9109603,4464459,75,4,1
SYN-0410,Banco Demo B,4,9,4,1,0,7,7136582,31479251,73,1,0
SYN-0411,Banco Demo C,6,10,18,4,1,7,10646358,15984275,88,3,1
SYN-0412,Banco Demo A,10,6,14,11,10,11,3929887,34543846,67,4,0
SYN-0413,Banco Demo B,0,1,0,1,6,4,8524481,30611059,18,5,0
SYN-0414,Banco Demo C,13,15,11,20,15,10,8021708,32559158,136,2,0
SYN-0415,Banco Demo A,9,4,1,7,5,9,5296545,27470308,19,5,0
SYN-0416,Banco Demo B,8,0,7,7,10,4,1516963,3515791,166,1,0
SYN-0417,Banco Demo C,1,0,0,3,0,3,7113824,28674842,63,1,0
SYN-0418,Banco Demo A,5,14,14,15,8,6,11316496,19752198,6,1,1
SYN-0419,Banco Demo B,1,0,1,2,2,0,2297703,34935819,47,1,0
SYN-0420,Banco Demo C,17,20,17,19,16,17,9912163,8182974,73,4,1
SYN-0421,Banco Demo A,6,5,9,8,2,12,8646468,21932555,113,1,1
SYN-0422,Banco Demo B,12,17,19,14,14,17,2789268,15950465,76,2,1
SYN-0423,Banco Demo C,6,8,3,2,0,7,2660736,15310454,45,5,0
SYN-0424,Banco Demo A,1,6,0,3,2,0,4991337,11053728,102,1,0
SYN-0425,Banco Demo B,14,15,16,12,10,15,9918100,22698803,59,4,0
SYN-0426,Banco Demo C,0,0,0,0,0,0,11902535,11869165,25,4,0
SYN-0427,Banco Demo A,2,8,2,10,2,6,5169449,12400915,140,3,0
SYN-0428,Banco Demo B,4,8,10,8,15,4,7813447,6545018,97,4,0
SYN-0429,Banco Demo C,14,15,16,14,14,15,4649019,15529018,166,4,1
SYN-0430,Banco Demo A,11,14,11,7,15,12,5216547,16836026,83,5,0
SYN-0431,Banco Demo B,0,5,0,0,2,3,4567348,4902119,41,2,0
SYN-0432,Banco Demo C,15,17,14,16,17,19,11904502,15555494,43,5,1
SYN-0433,Banco Demo A,0,4,5,3,5,1,8432376,30551235,24,2,0
SYN-0434,Banco Demo B,19,12,16,13,19,14,10036537,894861,63,5,1
SYN-0435,Banco Demo C,17,15,18,11,15,13,7675001,30856947,132,1,0
SYN-0436,Banco Demo A,1,3,3,0,10,8,8292742,15423640,162,4,0
SYN-0437,Banco Demo B,8,12,6,11,8,14,11325015,29350259,32,5,0
SYN-0438,Banco Demo C,22,17,13,18,16,21,8422969,11575181,50,5,1
SYN-0439,Banco Demo A,13,8,9,13,14,12,2667196,19688433,45,5,1
SYN-0440,Banco Demo B,1,5,3,1,5,6,11685989,2025713,14,3,0
SYN-0441,Banco Demo C,13,9,14,16,12,6,8755322,3370288,37,1,0
SYN-0442,Banco Demo A,13,17,17,11,16,13,2766664,902928,50,5,1
SYN-0443,Banco Demo B,1,3,0,6,0,5,3403439,3627920,58,2,0
SYN-0444,Banco Demo C,6,4,0,2,3,4,1594627,27629040,160,5,0
SYN-0445,Banco Demo A,9,5,0,4,10,6,5246006,32100235,51,1,0
SYN-0446,Banco Demo B,10,8,13,7,12,9,1853970,13291387,140,2,0
SYN-0447,Banco Demo C,8,13,9,17,13,15,10018407,13681265,7,4,1
SYN-0448,Banco Demo A,6,6,7,0,1,5,4006204,859966,17,5,0
SYN-0449,Banco Demo B,12,16,20,18,18,17,10423480,13340670,136,3,1
SYN-0450,Banco Demo C,0,0,2,2,2,0,4025978,12812559,146,2,1
SYN-0451,Banco Demo A,9,11,15,12,8,13,1537336,2934641,179,1,1
SYN-0452,Banco Demo B,4,5,4,2,1,1,5012476,4526756,55,2,0
SYN-0453,Banco Demo C,13,12,12,9,10,13,7726753,19650303,23,5,0
SYN-0454,Banco Demo A,0,5,0,0,0,0,7296832,16374370,31,5,0
SYN-0455,Banco Demo B,4,9,5,4,8,3,4109731,23476599,41,4,1
SYN-0456,Banco Demo C,8,3,2,1,2,6,4497775,29714429,116,2,0
SYN-0457,Banco Demo A,7,1,3,8,6,7,10574643,16083044,97,1,1
SYN-0458,Banco Demo B,5,6,6,5,4,6,7925808,6475265,145,4,0
SYN-0459,Banco Demo C,7,6,12,10,11,8,3683264,28245140,178,4,1
SYN-0460,Banco Demo A,7,12,11,11,15,18,2129951,9973741,65,3,0
SYN-0461,Banco Demo B,3,0,0,0,1,1,11372008,14032078,10,4,0
SYN-0462,Banco Demo C,5,9,2,5,3,0,3993118,2559102,36,1,0
SYN-0463,Banco Demo A,6,0,4,1,5,3,8418471,1529681,175,1,0
SYN-0464,Banco Demo B,8,7,12,8,13,11,10330563,10193107,91,5,0
SYN-0465,Banco Demo C,14,13,15,13,12,18,2549106,1537670,176,4,1
SYN-0466,Banco Demo A,10,0,2,0,2,4,8771495,7297781,61,2,0
SYN-0467,Banco Demo B,4,0,4,4,3,2,11290473,20039716,26,2,0
SYN-0468,Banco Demo C,2,0,1,0,2,0,5227273,17752834,87,3,0
SYN-0469,Banco Demo A,4,0,4,5,0,6,9227829,3572553,86,4,0
SYN-0470,Banco Demo B,1,3,0,1,0,3,2076262,8777733,129,4,0
SYN-0471,Banco Demo C,17,8,13,15,13,7,11469904,33013198,72,3,1
SYN-0472,Banco Demo A,11,14,13,9,6,11,8972839,3479393,127,2,0
SYN-0473,Banco Demo B,11,6,12,6,9,9,8675579,14394177,173,4,1
SYN-0474,Banco Demo C,5,8,7,13,4,3,1956420,29006937,110,5,1
SYN-0475,Banco Demo A,14,14,17,13,15,12,1822129,19701663,172,2,1
SYN-0476,Banco Demo B,16,14,18,18,17,16,8506941,6885468,41,4,1
SYN-0477,Banco Demo C,10,7,10,8,5,8,10105868,25334026,37,5,0
SYN-0478,Banco Demo A,14,12,9,11,11,11,6371652,23979793,26,2,1
SYN-0479,Banco Demo B,7,3,6,3,8,9,2716760,23177042,157,4,0
SYN-0480,Banco Demo C,21,22,13,21,16,19,8706683,20239328,157,5,1
SYN-0481,Banco Demo A,9,12,4,4,5,8,5207012,20013196,42,2,1
SYN-0482,Banco Demo B,13,19,18,14,16,20,2080769,31281383,65,3,1
SYN-0483,Banco Demo C,0,2,0,0,3,2,7245087,18110507,108,4,0
SYN-0484,Banco Demo A,18,13,18,16,18,22,6554308,6324727,149,1,1
SYN-0485,Banco Demo B,16,12,11,15,15,18,2766136,10888895,59,2,1
SYN-0486,Banco Demo C,1,6,7,4,5,4,10712840,3131613,142,2,0
SYN-0487,Banco Demo A,5,5,9,4,6,5,2842874,11575950,54,2,0
SYN-0488,Banco Demo B,15,9,13,12,14,12,11579355,29105689,101,3,1
SYN-0489,Banco Demo C,6,0,4,4,6,4,9366537,34029688,100,1,0
SYN-0490,Banco Demo A,10,7,12,8,9,11,6819466,25338736,137,5,0
SYN-0491,Banco Demo B,12,19,7,9,9,12,10134126,14620216,176,5,0
SYN-0492,Banco Demo C,3,1,4,4,1,4,8174747,8361224,81,3,0
SYN-0493,Banco Demo A,12,15,12,10,10,10,6713594,6661139,21,5,1
SYN-0494,Banco Demo B,15,15,17,7,15,17,4652913,28582278,124,5,0
SYN-0495,Banco Demo C,2,4,2,5,8,3,11705108,15484464,35,3,0
SYN-0496,Banco Demo A,0,2,2,2,0,0,1713480,12424942,105,2,0
SYN-0497,Banco Demo B,9,8,2,7,3,7,10853389,22727351,18,3,0
SYN-0498,Banco Demo C,19,14,15,14,16,22,1999652,4526532,9,4,1
SYN-0499,Banco Demo A,11,19,17,14,12,16,2512548,16919136,111,5,0
SYN-0500,Banco Demo B,12,11,9,3,4,12,9032905,32592386,88,2,0
SYN-0501,Banco Demo C,5,13,9,5,6,5,11222159,11978750,168,3,0
SYN-0502,Banco Demo A,3,1,0,0,1,0,8053436,27093386,94,2,0
SYN-0503,Banco Demo B,11,16,17,13,13,16,6681095,33655805,180,2,1
SYN-0504,Banco Demo C,10,6,7,9,9,5,11782743,10533056,40,1,0
SYN-0505,Banco Demo A,6,5,2,9,5,5,2473332,27331165,63,5,0
SYN-0506,Banco Demo B,16,16,12,14,13,19,9419000,7387964,62,5,1
SYN-0507,Banco Demo C,15,12,20,19,9,17,5108979,20132112,105,1,1
SYN-0508,Banco Demo A,3,7,7,4,6,5,6817117,11734984,100,2,0
SYN-0509,Banco Demo B,7,2,4,5,3,4,4526111,15534732,31,4,0
SYN-0510,Banco Demo C,9,9,5,12,12,5,4603807,17147505,104,3,0
SYN-0511,Banco Demo A,11,15,16,9,15,15,5546582,27643707,86,5,1
SYN-0512,Banco Demo B,13,10,12,7,12,10,4367084,9199498,12,2,1
SYN-0513,Banco Demo C,19,16,15,15,16,20,10076882,32414948,62,5,0
SYN-0514,Banco Demo A,16,9,10,10,13,17,2638938,33008788,117,2,1
SYN-0515,Banco Demo B,14,12,15,13,21,17,9560813,19482757,41,5,1
SYN-0516,Banco Demo C,17,9,6,10,13,3,7590112,7943484,175,3,0
SYN-0517,Banco Demo A,15,16,17,15,12,18,6063218,26223553,178,2,1
SYN-0518,Banco Demo B,13,11,16,11,19,13,4533897,2715451,85,2,0
SYN-0519,Banco Demo C,16,12,11,11,10,13,2585308,9551450,92,5,0
SYN-0520,Banco Demo A,4,3,1,4,5,0,10997934,27910823,34,5,0
SYN-0521,Banco Demo B,2,0,6,7,5,3,5650473,22650496,146,5,0
SYN-0522,Banco Demo C,12,13,9,13,12,6,6575520,10339210,60,1,0
SYN-0523,Banco Demo A,2,0,4,4,0,0,5816432,34570618,146,3,0
SYN-0524,Banco Demo B,14,15,13,17,15,15,11282726,12231606,168,3,0
SYN-0525,Banco Demo C,15,18,17,15,11,20,7126964,31784949,137,2,1
SYN-0526,Banco Demo A,6,7,7,4,1,7,6282921,6923571,55,4,0
SYN-0527,Banco Demo B,5,10,8,9,7,12,11077569,22917763,72,4,0
SYN-0528,Banco Demo C,17,18,17,16,18,19,6076010,21117537,113,1,1
SYN-0529,Banco Demo A,12,11,6,6,8,13,8805744,18696079,20,2,0
SYN-0530,Banco Demo B,2,6,0,0,0,3,5664529,12663459,67,3,0
SYN-0531,Banco Demo C,4,2,2,1,0,2,4636885,34546140,85,2,0
SYN-0532,Banco Demo A,19,20,20,12,12,18,9178351,2967982,147,1,1
SYN-0533,Banco Demo B,16,20,17,19,18,14,7374741,30313681,41,1,1
SYN-0534,Banco Demo C,6,9,12,15,11,5,5724285,10465257,143,4,1
SYN-0535,Banco Demo A,5,1,1,2,8,2,11096961,1410388,72,5,0
SYN-0536,Banco Demo B,7,5,10,6,4,5,7815328,32530154,83,4,0
SYN-0537,Banco Demo C,6,4,6,14,7,9,9413236,34442721,59,4,0
SYN-0538,Banco Demo A,3,16,10,9,4,10,6515288,7384829,39,3,1
SYN-0539,Banco Demo B,2,0,10,4,5,5,7779699,26933289,169,4,0
SYN-0540,Banco Demo C,4,6,7,12,8,5,8771178,28333307,174,2,0
SYN-0541,Banco Demo A,2,6,7,4,0,0,8633603,1697985,177,2,0
SYN-0542,Banco Demo B,20,14,18,12,14,16,4938515,24145535,55,4,1
SYN-0543,Banco Demo C,17,14,12,13,13,19,4361196,5179306,110,2,1
SYN-0544,Banco Demo A,12,17,19,9,14,13,8317367,34235576,76,3,1
SYN-0545,Banco Demo B,14,10,12,9,12,16,2816713,2051230,142,2,0
SYN-0546,Banco Demo C,6,6,12,7,2,4,2970512,16551841,38,4,0
SYN-0547,Banco Demo A,18,21,19,23,22,23,5839612,11524180,174,2,1
SYN-0548,Banco Demo B,1,7,0,3,1,0,9946949,1287322,105,1,0
SYN-0549,Banco Demo C,16,20,15,17,17,24,8435860,27105404,24,4,1
SYN-0550,Banco Demo A,14,18,21,22,17,18,9530443,6178171,57,4,1
SYN-0551,Banco Demo B,5,11,7,10,5,7,11372624,11907626,42,5,0
SYN-0552,Banco Demo C,6,7,7,9,8,0,11878611,19044301,176,2,0
SYN-0553,Banco Demo A,15,17,11,19,15,10,3800619,34427841,111,4,1
SYN-0554,Banco Demo B,20,22,21,16,18,15,9418203,25440562,157,4,0
SYN-0555,Banco Demo C,9,9,9,3,6,5,8932485,13308504,79,1,0
SYN-0556,Banco Demo A,16,11,11,11,16,19,7167868,30635411,43,3,1
SYN-0557,Banco Demo B,5,9,4,5,9,7,9928411,3186265,117,2,0
SYN-0558,Banco Demo C,15,6,9,18,18,6,7643240,1290977,43,5,1
SYN-0559,Banco Demo A,1,8,7,7,6,1,9044618,12439047,139,1,0
SYN-0560,Banco Demo B,0,6,9,7,2,5,10502765,1704497,77,2,0
SYN-0561,Banco Demo C,20,20,19,17,16,17,1589372,20788518,99,3,1
SYN-0562,Banco Demo A,0,1,0,6,1,1,5594597,25760517,139,2,0
SYN-0563,Banco Demo B,0,0,0,0,0,0,10897795,15987902,64,3,0
SYN-0564,Banco Demo C,8,9,9,9,13,11,7903581,6398017,112,1,0
SYN-0565,Banco Demo A,4,2,9,3,0,0,9121960,17094170,91,1,0
SYN-0566,Banco Demo B,7,12,12,10,11,6,9103653,14093114,45,1,0
SYN-0567,Banco Demo C,13,9,6,13,5,10,2631978,478093,29,3,0
SYN-0568,Banco Demo A,0,0,4,1,2,0,3591799,12943941,103,2,0
SYN-0569,Banco Demo B,3,7,3,2,0,0,7629693,19191213,81,1,1
SYN-0570,Banco Demo C,20,17,17,19,16,17,9182532,31640433,89,1,1
SYN-0571,Banco Demo A,6,14,10,4,2,10,8574695,7921368,177,4,0
SYN-0572,Banco Demo B,11,10,8,10,5,11,3188857,288048,70,5,1
SYN-0573,Banco Demo C,5,4,0,1,5,0,6997225,2090025,167,4,0
SYN-0574,Banco Demo A,10,15,13,16,16,14,7289228,12571900,68,4,1
SYN-0575,Banco Demo B,8,7,7,10,5,9,2484259,24504726,171,5,0
SYN-0576,Banco Demo C,16,18,16,14,15,18,11988400,2374533,21,3,0
SYN-0577,Banco Demo A,6,11,3,6,9,9,6457225,1223500,59,1,0
SYN-0578,Banco Demo B,9,11,12,7,13,6,11573271,31420641,169,4,0
SYN-0579,Banco Demo C,13,15,16,17,12,14,4382244,34241368,137,4,0
SYN-0580,Banco Demo A,10,8,4,10,11,12,11616627,24481827,96,3,1
SYN-0581,Banco Demo B,12,8,14,17,15,12,9482036,19187487,144,1,0
SYN-0582,Banco Demo C,4,13,7,12,9,12,7814241,9458829,74,1,0
SYN-0583,Banco Demo A,8,4,5,4,9,1,10787773,24131998,85,3,0
SYN-0584,Banco Demo B,12,9,7,11,6,11,6177579,6309989,167,3,0
SYN-0585,Banco Demo C,7,10,12,10,9,13,11447923,11679568,98,4,0
SYN-0586,Banco Demo A,4,4,7,8,4,6,6509619,13353394,90,1,1
SYN-0587,Banco Demo B,9,8,7,7,9,9,7376331,24043966,141,2,1
SYN-0588,Banco Demo C,5,9,7,5,4,8,11706145,11728898,87,3,0
SYN-0589,Banco Demo A,17,28,14,18,24,14,2538704,3474980,21,4,0
SYN-0590,Banco Demo B,8,10,10,11,7,8,9257363,15636818,25,5,0
SYN-0591,Banco Demo C,15,19,15,13,14,14,1693149,1649842,101,1,1
SYN-0592,Banco Demo A,11,13,9,12,13,9,3599749,11034967,71,4,0
SYN-0593,Banco Demo B,18,18,15,16,18,10,9545513,21461651,126,5,1
SYN-0594,Banco Demo C,15,12,16,11,11,17,5560473,6517604,174,2,1
SYN-0595,Banco Demo A,3,3,0,7,7,7,11793538,24575187,41,3,0
SYN-0596,Banco Demo B,6,1,0,0,1,2,4915841,21154145,76,4,0
SYN-0597,Banco Demo C,18,17,17,19,14,19,3906475,1575727,156,1,1
SYN-0598,Banco Demo A,17,18,15,11,16,18,10776565,12887049,111,3,0
SYN-0599,Banco Demo B,14,10,13,12,7,11,9782815,7546938,30,4,0
SYN-0600,Banco Demo C,12,13,10,17,16,20,8822601,21931205,52,1,0
